time,date,unique_id,field_1,field_2,field_3,field_4,field_5,field_6,field_7,field_8,field_9,field_10,field_11,field_12
,20190516,5000,46.448,103.376,92.575,53.908,73.109,45.503,82.139,96.011,85.874,21.099,25.234,
,20190516,5001,42.784,99.094,94.966,50.877,74.986,40.06,,76.789,81.31,16.313,23.31,
,20190516,5002,44.313,95.616,90.415,50.705,88.673,41.596,69.307,82.299,77.522,20.773,28.358,
,20190516,5003,53.101,84.722,104.356,53.002,73.349,45.033,77.38,,94.773,20.057,21.529,
,20190516,5004,39.765,88.942,101.007,62.747,99.573,,,94.943,98.473,16.578,,
,20190516,5005,45.276,85.648,109.126,61.094,77.149,47.601,72.871,100.895,72.746,19.808,20.767,
,20190516,5006,45.541,80.449,84.602,,71.745,45.488,82.365,92.806,87.485,25.075,29.871,
,20190516,5007,46.038,82.546,99.037,46.389,85.608,,84.001,95.928,85.66,17.543,24.605,
,20190516,5008,50.469,82.846,101.991,56.97,72.678,52.723,73.471,96.928,,19.498,21.894,
,20190516,5009,47.766,91.724,109.121,55.772,68.749,,,,92.081,20.673,22.209,
,20190516,5010,55.706,99.032,112.341,57.163,85.61,39.96,67.891,,90.176,19.867,,
,20190516,5011,44.685,71.138,105.206,41.979,79.078,49.39,94.718,93.823,85.365,17.682,29.968,
,20190516,5012,51.688,72.958,74.19,,84.753,40.886,73.784,87.912,95.407,20.191,24.914,
,20190516,5013,48.922,83.053,86.716,51.264,77.152,45.986,74.889,92.868,85.211,21.13,22.28,
,20190516,5014,54.84,76.449,110.626,47.008,86.012,47.106,72.91,92.652,76.962,19.714,26.926,
,20190517,5000,44.357,,70.342,49.629,79.101,47.397,70.313,96.016,89.561,22.683,25.265,
,20190517,5001,46.061,83.614,104.833,58.379,81.791,44.951,65.365,93.579,85.874,21.763,28.645,
,20190517,5002,45.844,89.932,108.422,46.281,79.818,48.945,91.94,87.794,92.828,,23.725,
,20190517,5003,none,103.607,,48.311,,47.181,76.902,103.213,77.821,22.435,22.502,
,20190517,5004,48.678,96.62,103.841,54.183,79.475,44.414,73.142,92.902,86.365,21.484,23.516,
,20190517,5005,46.034,95.462,98.79,54.101,91.984,50.619,74.174,90.089,92.31,,21.281,
,20190517,5006,none,97.052,104.579,41.156,98.81,52.393,61.502,96.631,68.389,19.428,28.861,
,20190517,5007,52.386,94.941,104.516,50.083,82.324,,70.909,78.219,92.631,21.512,30.234,
,20190517,5008,50.228,96.964,105.509,57.544,,41.589,78.399,100.036,82.264,20.949,25.784,
,20190517,5009,47.37,83.367,99.547,59.276,87.379,48.266,82.188,78.647,83.201,20.503,22.986,
,20190517,5010,52.002,81.277,102.27,64.336,91.998,44.515,70.792,99.709,59.92,21.304,26.921,
,20190517,5011,49.381,98.949,75.572,43.494,99.667,43.429,85.199,104.725,60.348,17.713,,
,20190517,5012,none,72.809,95.971,44.319,82.684,36.356,82.8,87.757,98.304,,23.038,
,20190517,5013,44.679,100.549,,45.385,84.541,50.301,74.471,105.495,79.926,16.982,,
,20190517,5014,53.166,87.73,,57.54,98.173,40.729,80.928,82.455,95.109,17.751,26.911,
,20190520,5000,51.159,87.886,108.394,45.151,83.51,41.583,79.12,,82.899,17.836,,
,20190520,5001,49.166,91.818,98.036,47.329,82.485,47.257,60.076,91.409,88.437,18.094,22.46,
,20190520,5002,52.235,79.749,109.633,,74.559,43.999,72.55,91.626,95.068,,30.022,
,20190520,5003,48.669,86.832,91.903,57.603,95.894,48.965,61.215,91.559,64.986,18.45,19.942,
,20190520,5004,46.61,89.098,100.684,,,44.411,75.052,95.232,87.271,18.531,27.264,
,20190520,5005,,,114.878,57.039,83.44,,70.076,83.767,84.644,,24.798,
,20190520,5006,39.739,101.023,102.452,50.07,92.029,55.98,73.343,81.479,94.789,19.034,26.595,
,20190520,5007,52.72,99.48,90.54,55.397,87.141,53.546,80.085,91.505,82.478,18.292,27.136,
,20190520,5008,52.479,79.268,83.27,54.633,88.025,45.627,71.603,80.548,90.203,20.382,,
,20190520,5009,55.851,80.55,94.68,,,37.488,87.797,105.759,79.188,22.0,29.487,
,20190520,5010,53.537,78.586,99.536,51.376,,58.881,90.191,91.18,,18.379,26.603,
,20190520,5011,45.708,83.912,113.219,51.913,89.837,46.629,73.874,97.503,87.942,18.817,28.37,
,20190520,5012,48.75,88.146,113.603,56.23,80.779,44.481,74.833,92.07,77.885,19.13,28.571,
,20190520,5013,55.501,73.8,89.718,53.833,81.101,52.721,79.839,,89.445,18.458,23.841,
,20190520,5014,52.879,88.301,94.157,48.014,70.802,47.501,64.835,107.271,87.29,24.858,28.02,
,20190521,5000,55.318,92.171,85.32,51.366,74.298,46.568,84.122,103.559,90.126,18.16,25.746,
,20190521,5001,52.305,75.506,84.243,41.41,69.013,44.723,76.278,102.713,91.137,14.167,23.949,
,20190521,5002,50.322,88.422,,52.748,100.677,52.616,74.875,90.173,79.047,,26.486,
,20190521,5003,50.699,76.881,93.13,46.526,86.723,,82.499,94.145,83.09,21.254,22.357,
,20190521,5004,50.276,,97.427,67.575,,46.663,74.884,94.694,88.545,19.249,23.964,
,20190521,5005,45.888,92.614,95.161,55.671,90.202,47.413,75.071,88.832,,23.3,24.077,
,20190521,5006,52.196,87.729,96.035,56.777,73.904,49.048,85.604,99.945,78.326,20.778,26.478,
,20190521,5007,52.565,82.55,109.254,49.656,84.424,48.87,63.682,95.905,89.052,19.68,23.792,
,20190521,5008,,94.823,76.892,32.333,83.962,,79.908,95.392,99.154,15.3,29.564,
,20190521,5009,50.28,91.211,91.513,60.384,,,70.509,100.752,100.765,19.428,24.159,
,20190521,5010,53.899,91.506,103.784,59.49,93.991,44.402,,89.422,90.719,,21.852,
,20190521,5011,50.003,92.506,76.166,54.779,66.448,45.947,82.209,72.781,90.751,,20.856,
,20190521,5012,47.316,79.124,96.212,47.768,66.699,46.752,75.646,104.135,91.901,20.874,23.628,
,20190521,5013,48.246,89.025,105.739,52.907,,53.65,79.274,,,19.979,26.391,
,20190521,5014,39.276,81.824,109.647,53.349,79.073,47.911,,94.665,76.543,20.96,22.37,
,20190522,5000,53.363,92.375,81.801,49.752,88.279,44.093,85.967,93.687,78.219,16.904,22.504,
,20190522,5001,49.987,67.386,101.122,51.848,75.162,50.838,75.884,99.122,84.569,,,
,20190522,5002,47.095,77.953,99.673,48.655,97.123,54.038,,99.102,92.675,16.617,26.301,
,20190522,5003,51.77,90.904,92.327,58.167,90.142,45.377,77.445,97.992,78.241,20.389,26.944,
,20190522,5004,45.251,81.587,95.194,50.94,77.422,42.992,59.103,102.464,75.798,18.128,22.157,
,20190522,5005,43.119,87.245,105.704,54.198,85.827,46.561,83.108,,84.724,18.23,24.673,
,20190522,5006,49.941,87.718,84.063,,75.7,52.824,83.922,115.184,74.167,18.77,27.913,
,20190522,5007,54.411,91.266,104.485,43.36,87.13,47.94,62.94,,,24.533,27.26,
,20190522,5008,57.153,,98.651,61.062,63.93,54.318,76.111,98.584,86.596,18.656,,
,20190522,5009,47.661,86.998,88.767,50.345,84.945,41.61,80.684,92.444,84.449,19.533,,
,20190522,5010,,75.879,101.803,,95.646,,90.604,,85.018,15.758,22.852,
,20190522,5011,60.161,63.055,91.277,45.54,81.81,52.867,72.963,98.078,78.799,,26.491,
,20190522,5012,54.681,90.438,117.882,41.729,93.016,49.341,76.432,91.038,,21.03,,
,20190522,5013,47.992,94.754,75.428,53.993,75.446,48.779,,113.842,101.419,17.854,21.137,
,20190522,5014,45.036,74.347,108.48,54.55,,47.97,78.351,85.188,87.54,19.364,22.3,
,20190523,5000,41.135,,94.572,56.317,75.956,42.175,89.471,77.458,96.51,18.557,28.419,
,20190523,5001,48.88,87.833,96.307,63.097,77.377,49.429,91.972,88.317,91.235,15.412,24.494,
,20190523,5002,44.815,81.143,94.821,52.319,94.841,48.234,73.27,100.686,84.828,,28.722,
,20190523,5003,41.797,76.785,87.746,52.585,,53.298,77.976,81.296,80.834,21.843,24.917,
,20190523,5004,41.645,98.284,99.927,57.17,66.217,47.346,72.348,83.777,,19.354,28.26,
,20190523,5005,56.173,76.628,96.73,,75.839,43.556,85.293,88.833,88.867,18.823,,
,20190523,5006,57.238,90.235,104.121,60.205,,45.052,77.047,98.539,95.93,21.186,22.621,
,20190523,5007,,84.133,76.219,50.822,,39.789,92.669,98.761,88.34,20.862,,
,20190523,5009,48.633,90.863,108.273,58.322,93.519,44.721,82.139,93.85,,19.019,27.851,
,20190523,5010,,78.558,105.772,48.851,84.867,46.29,,94.284,,22.669,22.586,
,20190523,5012,49.378,86.806,97.89,61.652,87.23,37.772,82.418,91.671,83.749,18.47,26.047,
,20190523,5013,49.93,110.853,109.008,57.244,,48.667,75.998,89.464,76.06,20.158,27.784,
,20190523,5014,57.857,99.336,88.546,53.16,89.024,50.924,64.104,79.267,81.521,21.725,18.672,
,20190524,5000,47.18,90.912,90.876,57.338,75.3,48.652,63.2,99.417,,,26.145,
,20190524,5001,47.179,91.9,100.378,39.542,89.135,47.842,83.674,,74.839,16.818,26.553,
,20190524,5002,45.473,87.69,81.036,49.434,70.036,43.209,88.095,92.594,96.36,19.694,25.145,
,20190524,5003,56.507,88.351,91.67,48.524,,,74.087,100.45,64.661,17.698,24.795,
,20190524,5004,48.182,92.297,90.19,48.32,,47.642,79.344,94.564,88.201,20.866,29.57,
,20190524,5005,48.612,74.259,85.588,57.526,87.991,39.854,,98.334,87.168,16.241,,
,20190524,5006,47.644,87.946,95.542,58.119,90.679,45.947,75.905,90.051,81.358,17.856,22.695,
,20190524,5007,58.651,94.193,102.661,59.725,,49.455,86.093,,85.815,18.884,28.165,
,20190524,5008,47.362,82.164,102.677,60.064,75.436,47.048,77.679,86.336,86.548,22.632,21.768,
,20190524,5009,46.328,95.645,96.839,50.121,87.501,58.341,77.389,95.597,85.865,18.921,25.663,
,20190524,5010,46.507,103.579,95.11,48.882,58.261,46.781,77.968,95.852,74.436,19.934,27.563,
,20190524,5011,58.287,,,47.414,81.888,46.645,75.132,92.06,59.846,17.85,25.728,
,20190524,5012,48.596,77.175,96.703,51.106,,54.785,76.091,102.89,97.92,,26.061,
,20190524,5013,55.739,93.958,99.096,47.277,92.388,58.008,77.563,124.735,100.008,18.986,26.495,
,20190524,5014,48.52,87.006,108.832,53.754,85.556,48.274,65.877,100.509,70.822,20.473,21.957,
,20190527,5000,42.106,70.243,112.091,53.692,66.318,,67.543,79.828,,,27.038,
,20190527,5001,43.972,96.158,109.427,56.945,77.489,58.369,78.964,100.862,82.489,20.997,26.142,
,20190527,5002,46.937,78.481,89.636,47.503,82.574,39.757,71.712,88.484,106.737,19.018,26.611,
,20190527,5003,55.875,81.802,93.66,,80.882,51.423,81.533,98.42,89.576,19.653,25.639,
,20190527,5004,53.549,83.204,84.366,53.293,86.308,46.191,79.909,92.925,92.806,17.153,27.369,
,20190527,5005,47.663,79.71,89.111,50.127,81.171,54.28,86.969,,64.296,16.512,23.929,
,20190527,5006,,74.752,88.083,55.722,90.371,41.348,69.248,95.971,,16.482,23.591,
,20190527,5007,46.707,88.801,81.381,53.977,86.864,53.361,89.021,95.397,90.62,19.588,27.901,
,20190527,5008,50.477,74.266,103.923,57.423,85.925,48.634,82.555,90.712,,19.321,20.71,
,20190527,5009,48.64,100.703,102.482,52.805,111.645,40.268,72.446,,78.543,20.967,,
,20190527,5010,37.652,,95.885,52.524,77.759,38.47,83.35,97.017,83.154,16.968,25.1,
,20190527,5011,53.934,102.642,,60.158,85.771,51.783,58.154,98.291,94.304,17.583,20.765,
,20190527,5012,44.818,100.504,88.85,55.493,77.995,,83.179,,78.474,18.966,24.245,
,20190527,5013,46.13,90.171,101.403,56.008,73.385,48.035,,75.198,101.317,21.67,24.063,
,20190527,5014,52.086,,91.123,50.429,75.844,46.592,80.373,100.122,,21.275,27.512,
,20190528,5000,49.27,89.616,83.468,55.089,90.038,45.548,76.169,86.974,95.568,19.726,25.523,
,20190528,5001,,,103.727,51.049,78.516,51.023,80.905,91.32,80.154,18.168,22.893,
,20190528,5002,38.561,81.937,95.116,53.113,,44.627,72.29,,89.518,17.743,30.493,
,20190528,5003,46.816,89.317,96.548,48.807,86.785,48.152,89.457,87.87,81.802,19.539,26.31,
,20190528,5004,45.691,89.05,122.443,54.914,82.646,38.879,68.781,85.086,79.652,19.135,26.279,
,20190528,5005,47.418,85.085,93.034,37.17,65.517,51.458,75.921,81.419,70.73,22.283,,
,20190528,5006,47.645,,105.032,48.264,83.075,35.989,78.644,77.675,85.599,20.973,26.852,
,20190528,5007,48.224,78.227,100.853,46.238,,54.986,76.39,100.011,85.619,15.024,20.289,
,20190528,5008,,91.415,96.911,49.36,84.259,48.242,78.541,99.41,81.877,18.73,23.377,
,20190528,5009,,,95.505,51.119,87.573,,82.436,110.27,83.875,21.027,27.893,
,20190528,5010,61.86,102.44,78.721,54.776,89.279,44.643,75.088,90.615,75.314,18.77,23.805,
,20190528,5011,48.436,87.858,83.899,58.104,77.038,,73.649,98.96,,,26.68,
,20190528,5012,42.224,95.8,107.053,62.301,82.642,38.575,77.248,92.713,83.028,,26.329,
,20190528,5013,44.014,80.759,105.7,50.289,,49.234,77.895,90.347,80.192,,28.331,
,20190528,5014,38.881,95.984,102.44,50.07,78.746,44.563,,89.777,81.541,17.919,23.307,
,20190529,5000,53.562,99.944,96.492,57.36,76.034,39.413,83.818,82.686,,18.736,19.535,
,20190529,5001,38.267,72.397,86.326,61.682,85.391,42.156,86.925,86.449,98.506,19.688,26.736,
,20190529,5002,52.99,91.97,96.018,43.917,78.708,55.54,,67.925,92.609,,,
,20190529,5003,44.181,90.733,95.157,53.484,,42.098,79.328,83.463,99.622,17.727,30.891,
,20190529,5004,44.015,87.29,85.828,57.722,86.422,48.269,75.558,81.558,92.644,17.635,22.285,
,20190529,5005,49.749,103.926,93.698,49.95,77.49,49.568,71.273,,,19.4,26.372,
,20190529,5006,52.172,84.11,,55.139,82.304,36.048,70.869,98.233,,17.444,22.907,
,20190529,5007,47.544,82.394,83.677,53.826,88.759,52.429,74.299,96.803,85.367,18.526,25.148,
,20190529,5008,51.399,100.066,72.123,56.067,76.179,40.632,71.83,,80.975,18.861,29.349,
,20190529,5009,,91.39,79.99,55.188,95.553,47.512,78.035,82.779,78.554,19.265,24.422,
,20190529,5010,46.31,85.13,117.883,50.565,82.627,46.061,78.292,97.047,78.072,17.686,26.588,
,20190529,5011,,99.058,103.318,,84.01,46.276,,82.858,71.418,19.637,26.367,
,20190529,5012,49.614,75.261,89.423,48.241,92.82,40.704,70.958,74.806,90.66,21.471,22.253,
,20190529,5013,61.026,91.544,,60.911,86.669,45.676,73.193,78.524,83.34,23.37,24.747,
,20190529,5014,43.282,75.888,89.434,45.109,80.247,42.768,73.682,84.743,90.705,17.83,23.973,
,20190530,5000,57.693,,116.189,,79.226,44.354,71.483,84.922,87.04,19.854,24.903,
,20190530,5001,47.308,71.916,121.689,54.846,,45.425,73.88,,,18.793,26.431,
,20190530,5002,51.819,83.019,94.082,52.186,88.726,40.088,86.421,108.884,65.611,19.805,20.239,
,20190530,5003,36.223,100.25,99.87,57.306,70.773,48.945,73.47,87.366,94.531,17.964,26.589,
,20190530,5004,53.147,79.474,95.98,56.384,95.447,,68.93,,78.171,19.833,,
,20190530,5005,49.277,95.102,99.433,56.241,84.954,48.146,76.756,102.333,,21.086,27.736,
,20190530,5006,40.985,111.612,106.252,57.078,86.199,43.545,71.356,83.818,77.491,17.521,22.795,
,20190530,5007,46.945,68.561,96.679,45.704,69.531,43.032,69.361,99.891,,,30.387,
,20190530,5008,52.949,96.215,100.494,53.296,93.084,51.814,73.034,,78.099,19.87,25.817,
,20190530,5009,,87.657,105.253,47.194,73.874,50.702,62.661,96.208,87.544,20.658,24.348,
,20190530,5010,46.345,87.374,88.17,56.544,90.718,48.939,76.353,102.941,87.249,14.418,26.739,
,20190530,5011,39.874,96.91,92.517,59.921,85.783,49.539,84.993,113.208,,19.693,24.437,
,20190530,5012,42.227,100.513,93.293,54.164,,,75.174,95.036,78.977,20.571,30.18,
,20190530,5013,43.598,84.417,84.823,55.381,85.692,45.586,72.612,86.11,79.264,19.382,26.443,
,20190530,5014,57.773,95.764,95.629,46.374,83.694,44.459,67.814,110.188,80.941,18.337,29.473,
,20190531,5000,56.466,94.096,111.07,57.512,83.783,39.27,74.312,89.428,80.902,,25.891,
,20190531,5001,53.607,81.806,122.977,,64.971,52.825,76.113,86.7,93.708,21.89,20.379,
,20190531,5002,50.38,106.36,80.485,46.317,76.431,43.536,73.312,82.541,84.013,20.269,24.878,
,20190531,5003,56.514,99.216,107.046,50.806,96.876,51.525,80.505,,76.149,20.093,26.344,
,20190531,5004,54.022,102.186,90.887,45.337,80.899,47.413,,100.145,95.33,19.213,24.332,
,20190531,5005,42.108,93.013,105.933,,77.598,49.94,73.823,83.309,76.651,20.17,,
,20190531,5006,53.471,88.517,,61.754,65.858,47.775,89.547,,,19.394,20.77,
,20190531,5007,47.398,97.439,100.95,51.624,103.078,47.714,85.138,96.421,93.357,18.705,26.901,
,20190531,5008,43.311,101.23,64.071,,74.107,45.217,75.155,88.237,,20.375,29.348,
,20190531,5009,46.22,89.381,99.208,58.498,87.154,48.942,91.459,94.349,83.164,,30.33,
,20190531,5010,54.256,78.215,98.137,50.192,,44.017,72.04,91.46,89.147,18.236,27.602,
,20190531,5011,51.754,79.453,108.843,54.468,,51.35,87.7,82.265,78.647,16.66,25.671,
,20190531,5012,50.254,87.328,110.009,51.385,77.941,39.652,82.58,,89.318,21.178,27.987,
,20190531,5013,46.608,92.348,89.069,57.914,90.199,47.775,67.305,90.366,,18.027,29.054,
,20190531,5014,42.738,,98.234,,82.974,45.628,70.832,98.86,,16.155,23.794,
,20190603,5000,48.24,86.393,112.258,51.822,93.807,49.815,66.729,81.847,82.621,19.951,25.776,
,20190603,5001,43.953,91.249,86.709,46.576,93.604,43.912,74.708,96.418,89.535,20.378,27.225,
,20190603,5002,45.383,97.915,95.69,49.493,,48.922,74.343,81.07,92.461,20.899,28.114,
,20190603,5003,47.311,98.178,99.663,60.325,89.275,49.299,81.047,82.406,,16.435,,
,20190603,5005,54.276,99.793,95.521,59.34,78.772,39.903,84.495,95.79,80.667,16.653,25.897,
,20190603,5006,37.808,81.256,91.161,54.231,95.622,41.155,79.404,89.835,61.82,17.983,28.119,
,20190603,5007,44.407,98.081,106.056,55.984,69.153,47.883,86.366,93.717,79.157,21.281,27.381,
,20190603,5008,43.195,77.304,95.477,59.826,73.065,41.979,61.443,96.217,95.51,22.116,27.14,
,20190603,5009,45.869,,102.619,46.148,81.257,46.193,82.32,89.811,69.099,19.906,27.85,
,20190603,5010,52.804,89.206,80.908,53.96,,34.318,88.682,,64.242,21.148,27.716,
,20190603,5011,59.911,85.324,79.899,53.573,82.772,40.467,74.649,,86.664,,25.563,
,20190603,5012,49.576,84.83,95.956,48.89,85.86,44.861,,97.961,79.013,18.999,21.402,
,20190603,5013,53.439,99.427,,53.281,96.687,52.006,75.962,99.719,94.558,19.33,28.013,
,20190603,5014,39.932,100.423,,58.418,75.715,50.408,73.135,87.61,78.742,20.703,,
,20190604,5000,36.654,93.904,105.995,47.512,81.567,40.885,77.173,102.413,89.948,,23.271,
,20190604,5001,49.483,69.784,88.672,,65.287,46.24,71.802,99.571,,18.917,24.443,
,20190604,5004,52.046,95.348,102.713,53.059,82.308,47.038,79.306,93.539,82.804,21.306,25.125,
,20190604,5007,51.989,100.389,104.346,44.506,92.745,41.995,67.753,,67.695,19.825,27.678,
,20190604,5008,48.346,91.889,106.913,47.27,73.622,46.196,88.185,92.56,,19.855,25.578,
,20190604,5009,46.093,82.052,85.494,58.516,89.503,42.886,89.312,,88.899,20.231,25.337,
,20190604,5010,52.884,91.555,,,,43.005,72.09,,71.193,17.848,,
,20190604,5011,43.999,80.022,69.927,52.159,85.004,46.535,79.425,90.421,89.151,19.457,26.766,
,20190604,5012,49.593,89.249,103.279,,82.415,40.983,75.877,91.594,93.313,19.107,26.125,
,20190604,5013,51.355,87.198,110.765,,83.248,44.933,67.119,96.586,76.451,19.516,,
,20190604,5014,46.65,80.879,90.315,,87.272,45.544,65.774,89.654,78.378,21.502,25.102,
,20190605,5000,49.235,,,39.975,86.042,37.147,87.539,98.222,85.895,21.527,19.423,
,20190605,5001,50.802,75.212,88.356,48.335,75.416,52.85,,105.095,78.004,18.022,25.856,
,20190605,5002,45.491,81.381,92.798,50.411,85.562,37.767,89.128,104.981,97.592,14.168,20.429,
,20190605,5003,52.722,,,51.095,92.837,49.494,82.582,103.536,79.858,20.035,25.972,
,20190605,5004,35.452,75.082,93.149,,88.396,,77.147,90.838,,21.966,23.991,
,20190605,5005,48.215,,103.638,62.659,94.026,40.422,77.552,99.237,78.539,20.845,22.614,
,20190605,5006,48.537,,96.04,55.398,72.372,,77.791,88.974,,18.05,22.304,
,20190605,5007,45.204,95.818,100.691,56.996,90.563,48.484,,83.585,84.513,18.457,21.343,
,20190605,5008,51.208,75.93,90.647,53.246,81.625,48.644,87.192,101.125,82.118,,26.657,
,20190605,5009,47.503,94.095,105.259,49.343,,42.273,86.987,109.931,73.922,18.51,,
,20190605,5010,43.717,74.194,104.824,58.414,71.105,48.511,,108.128,74.105,18.482,,
,20190605,5011,45.819,99.441,99.01,53.885,71.776,46.499,86.656,96.822,84.336,18.381,27.247,
,20190605,5012,52.973,107.814,84.012,41.058,77.208,49.868,79.35,96.098,84.682,19.029,,
,20190605,5013,54.904,,92.702,54.036,94.459,,79.112,102.251,94.516,17.488,23.728,
,20190605,5014,51.486,69.574,93.16,48.941,,38.257,71.535,77.09,91.681,20.178,25.894,
,20190606,5000,45.463,,82.291,55.064,89.288,46.243,79.984,101.718,78.329,18.958,24.816,
,20190606,5001,51.911,86.618,,57.049,78.081,45.491,79.61,103.606,70.553,16.394,23.962,
,20190606,5002,42.363,94.496,128.15,51.757,76.36,46.477,76.959,77.97,85.12,18.027,27.806,
,20190606,5004,49.537,,106.707,,76.841,43.642,76.242,97.269,89.173,,27.122,
,20190606,5005,50.201,77.42,111.976,,,55.044,63.817,96.333,102.721,15.982,27.511,
,20190606,5006,45.163,93.46,,59.361,88.381,49.326,80.475,101.158,73.647,19.273,23.012,
,20190606,5008,54.922,82.82,110.063,50.581,71.668,41.528,75.421,86.983,76.673,19.693,25.757,
,20190606,5009,48.334,86.365,78.718,49.902,91.328,45.408,76.454,110.1,73.429,18.304,27.916,
,20190606,5011,50.143,,85.196,56.991,82.124,47.743,93.278,85.927,71.973,22.726,28.308,
,20190606,5012,48.327,84.274,83.877,61.932,85.797,47.113,89.45,95.582,72.732,18.725,24.91,
,20190606,5013,42.465,91.655,,51.205,,48.352,72.848,102.91,84.451,20.128,,
,20190606,5014,,73.417,102.439,58.377,86.099,41.888,65.295,,,18.891,21.26,
,20190607,5000,52.709,91.951,,48.352,90.016,49.35,84.993,82.674,86.72,19.136,25.624,
,20190607,5001,37.967,88.531,93.012,50.428,82.209,39.483,86.054,101.373,92.438,18.482,,
,20190607,5002,49.613,75.102,101.807,55.011,,41.827,74.508,106.934,83.45,19.585,24.95,
,20190607,5003,47.26,82.669,92.748,53.102,87.521,43.195,64.818,99.522,,17.013,24.449,
,20190607,5004,51.93,85.059,,50.125,84.477,49.754,79.332,,100.38,21.213,21.604,
,20190607,5005,54.482,94.903,90.881,62.596,82.357,50.634,,90.51,90.76,,20.609,
,20190607,5006,46.406,89.196,102.803,53.572,85.839,51.284,85.118,100.596,105.397,,22.949,
,20190607,5007,54.37,92.336,96.203,58.453,84.081,46.381,69.761,,80.082,18.026,25.474,
,20190607,5008,50.931,82.123,97.472,47.365,88.927,48.085,75.112,92.124,93.114,17.44,20.332,
,20190607,5010,52.562,94.172,98.555,52.835,84.135,48.286,63.72,97.057,92.761,,23.294,
,20190607,5011,48.127,100.926,104.613,57.149,104.6,47.889,85.035,102.864,76.211,19.302,28.402,
,20190607,5012,47.945,90.702,89.364,57.944,81.806,41.3,66.461,86.155,100.432,18.633,23.937,
,20190607,5013,46.656,72.579,,47.955,84.233,49.799,91.107,101.381,77.637,20.973,27.692,
,20190607,5014,,89.433,105.2,,82.263,40.389,82.163,,83.654,19.442,29.097,
,20190610,5000,50.361,84.895,89.209,44.123,79.898,42.699,76.848,93.182,101.991,20.541,,
,20190610,5001,52.145,101.753,95.027,47.555,86.286,53.174,75.837,80.704,81.512,15.231,24.093,
,20190610,5002,41.493,94.317,103.029,49.187,80.134,42.631,70.077,85.124,81.532,17.779,23.885,
,20190610,5003,48.981,86.593,69.662,60.891,,45.958,82.311,90.645,87.18,17.925,,
,20190610,5004,47.499,90.635,91.597,56.497,89.071,41.098,80.564,91.611,91.36,22.455,23.441,
,20190610,5005,46.337,85.581,,53.71,98.735,40.022,84.175,99.503,99.229,17.736,28.442,
,20190610,5006,42.842,83.467,102.657,49.615,85.168,40.328,82.236,83.957,93.139,18.875,21.482,
,20190610,5007,,75.327,90.566,53.411,75.99,51.199,63.419,87.345,79.402,19.76,28.352,
,20190610,5010,48.187,,94.196,58.92,83.423,39.98,77.152,,87.023,18.977,,
,20190610,5011,59.624,90.682,,64.491,93.518,47.069,82.263,79.464,72.288,,25.88,
,20190610,5012,46.622,95.074,96.807,51.04,78.117,51.854,,,84.664,,27.103,
,20190610,5013,,82.423,123.972,59.521,92.024,45.651,,88.201,94.695,19.847,21.6,
,20190610,5014,53.84,93.588,94.454,57.18,73.32,41.414,74.74,,74.118,14.945,25.291,
,20190611,5000,47.027,86.951,101.326,43.929,76.123,,78.852,97.883,92.142,22.268,27.2,
,20190611,5001,51.898,95.889,83.568,39.097,79.42,52.954,73.337,96.091,,21.569,21.7,
,20190611,5002,46.905,98.501,102.149,,,34.345,67.836,92.882,86.502,20.802,31.045,
,20190611,5003,41.025,92.097,,,88.185,46.022,76.362,106.158,74.506,16.389,,
,20190611,5004,46.839,75.413,107.431,,103.759,44.105,79.127,85.291,,21.469,26.405,
,20190611,5005,50.516,83.694,87.552,57.358,66.861,46.135,,99.187,,18.177,24.458,
,20190611,5006,45.854,105.848,98.937,57.293,,,79.135,84.22,79.109,20.615,28.137,
,20190611,5007,,73.351,96.333,55.55,72.94,42.552,82.633,,81.63,,24.756,
,20190611,5008,47.05,94.827,101.647,53.533,103.903,50.778,73.709,115.003,77.33,18.466,28.628,
,20190611,5009,50.29,90.284,84.057,48.6,93.162,,72.848,97.627,82.117,20.168,27.613,
,20190611,5010,44.913,80.715,105.421,50.914,89.208,54.653,79.534,75.008,74.086,15.889,24.548,
,20190611,5011,,89.657,,49.728,81.042,52.706,72.076,84.199,71.302,20.823,28.318,
,20190611,5012,46.22,80.61,101.09,54.403,88.903,41.918,83.401,80.002,89.016,18.55,21.937,
,20190611,5013,45.754,87.984,,48.649,67.269,50.609,79.941,93.416,77.213,17.42,22.763,
,20190611,5014,49.393,90.438,114.793,,79.141,47.707,77.358,101.492,74.003,19.434,,
,20190612,5000,58.538,85.872,98.631,62.126,79.778,50.805,74.174,,103.095,18.309,,
,20190612,5001,56.713,89.23,,,82.226,40.126,,91.422,95.558,18.92,20.944,
,20190612,5002,,94.31,101.33,,82.59,42.083,64.999,93.088,87.614,20.768,,
,20190612,5003,55.881,109.105,100.534,51.394,81.297,51.131,72.2,87.524,73.786,20.018,22.823,
,20190612,5004,48.274,77.5,97.785,58.304,81.529,44.592,76.293,88.17,75.032,19.381,,
,20190612,5005,43.827,,90.433,55.723,78.814,52.714,65.277,93.019,85.372,21.133,26.712,
,20190612,5006,48.104,87.709,98.183,51.213,78.254,52.806,73.391,106.934,93.702,18.468,24.769,
,20190612,5007,43.087,70.802,,51.802,87.967,43.763,82.406,95.141,85.261,21.605,26.377,
,20190612,5008,51.089,102.308,82.406,57.758,91.012,,81.589,91.12,80.817,21.53,25.222,
,20190612,5009,46.209,82.962,94.529,54.236,94.384,,72.793,100.3,95.119,,24.064,
,20190612,5010,49.814,90.251,103.064,59.131,90.262,42.578,73.395,,70.792,,24.095,
,20190612,5011,,87.645,,63.101,78.97,38.391,81.843,91.722,,,23.917,
,20190612,5012,48.553,88.141,96.705,50.505,79.341,51.771,90.416,110.607,,18.431,26.241,
,20190612,5013,,97.712,,50.613,,52.759,72.62,,98.09,19.603,24.06,
,20190612,5014,51.082,85.668,122.623,50.711,74.645,51.272,75.53,90.662,,17.571,23.632,
,20190613,5000,56.784,91.683,96.982,61.966,69.7,61.287,66.883,99.446,85.844,19.622,23.799,
,20190613,5001,49.279,85.576,86.908,52.217,70.27,39.713,74.827,95.495,69.541,21.66,29.019,
,20190613,5002,60.35,75.253,,,78.122,,73.351,,82.412,22.292,28.492,
,20190613,5003,51.209,99.178,95.038,59.17,81.507,56.315,66.041,79.57,87.826,19.019,29.42,
,20190613,5004,49.941,83.049,97.582,61.982,86.744,48.476,71.982,111.396,87.764,,,
,20190613,5005,49.323,96.727,99.52,52.888,82.236,55.185,58.875,99.491,92.574,18.742,23.729,
,20190613,5006,none,87.699,88.21,50.098,106.124,,,99.24,86.556,18.221,25.163,
,20190613,5007,43.876,80.171,90.269,54.76,78.88,40.274,87.148,110.478,68.541,20.562,29.281,
,20190613,5008,44.024,,98.608,,73.848,47.32,71.698,114.246,85.507,18.08,27.658,
,20190613,5009,54.541,86.033,,57.314,97.109,48.546,76.619,83.728,72.792,21.148,24.862,
,20190613,5010,none,108.963,87.256,51.273,79.393,52.04,80.606,91.386,87.534,19.243,22.947,
,20190613,5011,43.389,,89.991,63.545,78.999,42.285,77.488,,84.001,21.032,28.525,
,20190613,5012,51.741,79.767,86.623,61.848,90.764,43.76,86.165,,,11.514,26.006,
,20190613,5014,48.589,,110.37,45.635,88.311,51.458,92.523,96.637,99.587,19.337,28.991,
,20190614,5000,58.22,93.509,,49.663,63.688,40.11,72.318,92.683,101.598,21.749,,
,20190614,5002,50.535,80.813,91.011,43.732,81.764,52.726,,94.645,82.469,18.939,24.67,
,20190614,5003,46.654,,96.955,56.496,75.381,40.99,77.435,94.412,75.189,18.346,25.05,
,20190614,5004,52.4,85.472,87.346,58.928,91.999,44.667,75.87,95.02,76.793,19.192,30.201,
,20190614,5005,,85.166,,,88.223,46.804,73.177,84.57,76.4,22.031,23.167,
,20190614,5006,41.5,93.177,93.9,43.076,78.151,50.116,75.461,81.764,82.626,20.602,,
,20190614,5007,51.919,,,51.96,88.491,37.776,80.915,97.076,93.224,20.293,22.509,
,20190614,5008,50.57,89.929,73.952,51.726,96.536,49.433,68.544,115.866,,18.284,26.262,
,20190614,5009,41.408,77.592,104.141,45.336,,,76.736,91.41,86.086,17.467,21.747,
,20190614,5010,47.337,96.079,,52.588,,44.998,79.548,102.596,81.953,20.185,26.761,
,20190614,5011,52.043,,91.758,43.27,86.314,43.074,82.311,,92.102,17.73,25.416,
,20190614,5012,46.166,,94.09,54.45,80.671,42.989,100.005,100.199,92.164,20.0,23.081,
,20190614,5013,55.426,87.042,,58.54,79.859,48.178,,92.142,77.06,19.761,,
,20190614,5014,46.209,86.005,96.416,48.506,85.893,41.191,78.254,86.853,81.871,20.387,29.763,
1.5608604e+18,20190617,5000,57.68,,101.005,48.1,85.146,42.296,69.791,97.821,,17.027,30.001,
1.5608604e+18,20190617,5001,,75.539,99.066,,84.326,,77.577,,80.903,21.834,28.743,
1.5608604e+18,20190617,5002,,91.105,,52.55,79.36,44.387,,99.998,,20.691,26.675,
1.5608604e+18,20190617,5003,47.748,98.658,80.39,53.182,86.951,39.544,69.37,89.436,108.632,,25.261,
1.5608604e+18,20190617,5004,51.872,89.691,99.965,58.336,84.596,44.731,73.417,106.726,,18.295,25.042,
1.5608604e+18,20190617,5005,44.133,89.593,88.067,63.035,105.043,41.13,67.225,97.264,91.82,19.05,26.574,
1.5608604e+18,20190617,5006,49.817,101.203,99.743,48.519,,49.786,75.594,103.923,78.213,18.305,25.365,
1.5608604e+18,20190617,5007,48.279,93.4,103.007,58.854,83.406,,72.129,75.561,,17.071,,
1.5608604e+18,20190617,5008,44.545,,93.481,56.132,79.807,49.467,77.511,104.679,70.459,17.606,26.116,
1.5608604e+18,20190617,5009,46.642,84.188,87.903,51.859,89.436,45.355,70.44,86.256,73.793,20.59,26.097,
1.5608604e+18,20190617,5010,58.253,95.567,90.663,,79.572,46.713,72.371,91.202,87.812,21.979,28.193,
1.5608604e+18,20190617,5011,50.393,86.931,86.509,51.937,77.12,,84.467,106.78,78.0,18.125,26.606,
1.5608604e+18,20190617,5012,47.538,,104.18,57.871,94.542,46.895,77.187,96.442,83.59,18.086,24.84,
1.5608604e+18,20190617,5013,52.569,79.872,98.956,62.034,68.033,49.856,68.778,84.104,84.421,20.454,25.997,
1.5608604e+18,20190617,5014,48.409,78.527,102.016,44.013,78.254,40.554,81.132,111.523,97.279,,28.184,
1.5609438e+18,20190618,5000,47.079,81.322,94.679,59.025,98.721,50.567,,97.169,102.767,20.657,21.475,
1.5609438e+18,20190618,5001,51.943,74.154,101.194,,75.89,50.261,84.947,,77.588,18.131,27.467,
1.5609438e+18,20190618,5002,55.412,87.399,102.546,46.315,76.331,35.448,70.352,100.527,83.965,20.174,30.191,
1.5609438e+18,20190618,5003,57.906,89.078,93.016,47.851,86.153,43.116,58.048,85.137,71.901,20.116,29.688,
1.5609438e+18,20190618,5004,51.883,,92.276,,68.608,54.223,80.79,96.757,97.032,18.786,26.006,
1.5609438e+18,20190618,5005,,87.209,93.52,,72.123,50.858,65.842,89.328,88.377,16.561,22.76,
1.5609438e+18,20190618,5006,54.223,88.067,100.79,50.478,95.331,38.132,90.89,96.071,,18.664,,
1.5609438e+18,20190618,5007,,90.914,97.269,56.176,84.227,40.28,,87.021,93.19,20.377,28.226,
1.5609438e+18,20190618,5008,53.158,73.906,,56.955,79.332,38.232,71.086,98.67,85.439,16.38,26.514,
1.5609438e+18,20190618,5009,53.52,84.592,,49.239,85.779,48.917,,98.35,82.234,16.505,25.839,
1.5609438e+18,20190618,5010,54.104,95.243,86.255,59.23,84.787,37.71,80.322,96.694,87.187,19.36,25.216,
1.5609438e+18,20190618,5011,42.919,93.141,101.733,70.717,76.502,50.294,95.345,114.927,,19.292,23.897,
1.5609438e+18,20190618,5012,,71.739,99.32,48.925,77.396,38.863,75.936,112.554,74.307,21.849,27.025,
1.5609438e+18,20190618,5013,,86.213,85.188,,75.971,46.581,86.743,106.162,81.958,20.838,23.172,
1.5609438e+18,20190618,5014,47.369,82.983,,44.668,100.171,50.501,70.821,94.919,77.855,23.005,22.679,
1.56103326e+18,20190619,5000,52.812,98.552,100.979,54.172,68.331,47.323,76.586,90.387,82.501,21.543,23.367,
1.56103326e+18,20190619,5001,43.033,81.953,96.746,48.454,66.768,50.089,82.773,83.791,80.46,19.296,22.516,
1.56103326e+18,20190619,5002,57.256,80.596,97.004,51.098,99.58,45.534,86.126,101.683,78.352,18.494,28.828,
1.56103326e+18,20190619,5003,55.949,75.537,,59.636,94.026,46.946,,75.237,82.99,21.51,25.652,
1.56103326e+18,20190619,5004,44.752,80.629,102.104,50.732,81.592,42.318,72.076,93.263,85.593,18.54,30.834,
1.56103326e+18,20190619,5005,50.501,90.275,83.56,50.826,79.958,48.879,66.73,,64.851,,,
1.56103326e+18,20190619,5006,41.274,,93.315,47.858,88.545,44.261,83.859,94.89,,18.793,27.561,
1.56103326e+18,20190619,5007,48.003,85.554,104.912,58.179,83.099,53.758,89.821,88.459,79.2,23.852,28.151,
1.56103326e+18,20190619,5008,45.928,95.006,101.195,48.445,66.677,47.972,,89.633,90.168,16.249,,
1.56103326e+18,20190619,5009,45.815,67.193,,,90.119,48.311,67.717,82.303,83.478,19.472,24.173,
1.56103326e+18,20190619,5010,47.683,,107.711,57.02,91.907,53.82,,69.378,86.508,20.812,25.918,
1.56103326e+18,20190619,5011,45.996,105.741,,46.268,74.093,45.626,71.371,88.746,69.465,19.507,25.683,
1.56103326e+18,20190619,5012,53.956,98.146,80.317,59.061,85.671,37.685,75.28,99.999,75.719,20.416,28.684,
1.56103326e+18,20190619,5013,49.044,86.139,89.728,36.473,86.645,52.377,89.952,90.282,79.182,,21.188,
1.56103326e+18,20190619,5014,,82.237,,51.335,87.067,43.802,73.977,92.347,83.243,17.511,26.436,
1.56111846e+18,20190620,5000,50.846,94.435,86.029,48.411,83.751,40.653,72.729,83.853,85.629,19.937,24.601,
1.56111846e+18,20190620,5001,50.852,85.755,100.973,44.493,81.022,49.725,73.103,87.47,88.818,22.523,28.204,
1.56111846e+18,20190620,5002,50.749,74.539,98.916,,79.843,49.024,70.125,76.283,95.559,20.699,23.802,
1.56111846e+18,20190620,5003,53.86,90.599,97.549,59.802,99.307,44.495,76.204,101.474,88.507,20.836,28.021,
1.56111846e+18,20190620,5004,35.091,76.957,106.284,56.1,77.819,47.072,71.663,107.246,86.463,21.223,25.893,
1.56111846e+18,20190620,5005,54.044,86.223,108.207,49.218,82.933,44.984,75.892,,85.975,19.646,29.07,
1.56111846e+18,20190620,5006,51.781,83.024,80.609,50.022,67.844,48.665,78.62,84.814,88.809,,26.924,
1.56111846e+18,20190620,5009,49.717,96.627,91.812,52.306,84.941,35.755,71.118,81.306,74.59,21.631,27.058,
1.56111846e+18,20190620,5011,53.016,80.09,,50.35,88.077,42.335,79.37,103.03,84.609,15.439,22.653,
1.56111846e+18,20190620,5012,40.487,101.737,95.647,50.244,67.834,48.872,72.83,97.936,97.129,21.716,29.763,
1.56111846e+18,20190620,5014,47.448,83.412,89.082,45.721,90.166,49.765,76.598,103.588,93.951,14.753,27.349,
1.56120318e+18,20190621,5000,49.026,88.192,96.196,57.919,86.74,47.376,69.802,99.725,,17.916,24.932,
1.56120318e+18,20190621,5001,51.474,89.086,93.498,58.565,81.908,47.031,76.781,83.538,68.531,15.957,19.814,
1.56120318e+18,20190621,5002,45.757,94.298,100.595,56.542,84.737,46.83,75.43,99.832,80.619,,24.588,
1.56120318e+18,20190621,5003,51.459,93.925,96.273,50.156,83.121,48.702,68.878,85.29,90.299,20.055,26.977,
1.56120318e+18,20190621,5004,50.156,79.808,98.265,49.169,78.52,42.535,74.281,98.13,60.887,19.607,30.206,
1.56120318e+18,20190621,5005,48.89,74.635,100.439,54.864,89.318,42.338,79.949,96.053,94.19,21.816,30.724,
1.56120318e+18,20190621,5006,50.07,76.317,95.549,51.934,85.949,42.504,80.167,,79.542,15.071,26.174,
1.56120318e+18,20190621,5007,43.287,91.42,85.923,50.216,81.781,38.183,85.32,81.41,84.716,22.428,22.618,
1.56120318e+18,20190621,5008,47.86,87.501,89.719,48.586,63.415,41.529,71.232,93.168,81.565,18.454,,
1.56120318e+18,20190621,5009,,88.394,110.438,51.307,79.762,39.856,87.67,87.748,84.455,,27.923,
1.56120318e+18,20190621,5010,51.67,84.573,93.67,48.858,94.214,46.034,72.469,89.157,83.044,15.495,27.646,
1.56120318e+18,20190621,5011,54.777,93.373,104.653,49.184,,43.845,86.014,100.992,85.685,21.55,,
1.56120318e+18,20190621,5012,43.191,87.92,94.435,59.633,79.763,40.342,63.675,92.271,76.583,,22.166,
1.56120318e+18,20190621,5013,49.72,84.967,100.874,61.389,75.118,,83.805,81.025,82.48,18.286,,
1.56120318e+18,20190621,5014,52.199,89.647,,53.469,81.438,40.308,92.213,72.911,97.003,17.833,30.467,
1.56146502e+18,20190624,5001,44.445,87.162,84.827,57.825,82.095,47.156,78.282,94.155,94.79,19.829,25.21,
1.56146502e+18,20190624,5002,44.809,77.865,95.678,57.664,86.187,47.98,82.516,95.886,98.858,20.023,22.843,
1.56146502e+18,20190624,5003,47.614,101.313,79.41,49.595,77.263,47.272,83.375,87.369,,,23.895,
1.56146502e+18,20190624,5004,52.998,103.158,85.338,46.385,85.033,44.774,84.917,91.313,82.251,18.652,25.196,
1.56146502e+18,20190624,5005,49.909,82.35,101.775,,,,85.239,,101.191,17.237,26.7,
1.56146502e+18,20190624,5006,none,81.821,90.271,51.366,83.893,45.095,78.407,89.357,99.259,,28.845,
1.56146502e+18,20190624,5007,39.624,98.347,93.694,57.666,97.552,,88.401,85.979,69.651,18.39,23.524,
1.56146502e+18,20190624,5008,48.349,85.266,86.133,65.652,86.752,51.666,81.217,97.051,77.992,20.942,32.107,
1.56146502e+18,20190624,5009,59.067,87.389,93.635,50.578,77.385,39.8,77.646,92.12,95.125,18.644,27.195,
1.56146502e+18,20190624,5010,51.458,85.83,80.657,,94.842,38.145,73.455,105.196,92.64,20.073,24.37,
1.56146502e+18,20190624,5011,none,,101.292,49.632,,48.751,71.528,98.503,83.616,,27.798,
1.56146502e+18,20190624,5012,55.388,89.586,115.864,53.933,,49.877,88.903,,69.873,19.093,,
1.56146502e+18,20190624,5014,52.808,77.253,95.988,54.654,85.617,49.741,91.71,82.918,91.262,18.836,25.404,
1.56155148e+18,20190625,5000,44.745,83.654,91.726,63.409,,,78.366,,87.84,19.144,28.01,
1.56155148e+18,20190625,5001,55.939,86.581,92.285,,90.239,41.898,81.951,93.524,95.335,19.602,23.985,
1.56155148e+18,20190625,5002,49.84,89.682,91.497,52.543,66.252,50.364,82.135,104.44,83.619,18.359,24.515,
1.56155148e+18,20190625,5003,,98.096,109.837,56.776,,45.504,81.687,86.633,82.122,20.229,22.843,
1.56155148e+18,20190625,5004,46.664,90.627,94.305,53.406,80.972,,86.462,89.049,,20.782,21.738,
1.56155148e+18,20190625,5005,50.388,79.497,101.555,49.787,80.807,43.648,,81.787,79.47,18.972,27.109,
1.56155148e+18,20190625,5006,49.246,,95.644,55.134,93.653,47.754,73.927,105.792,74.607,18.996,28.69,
1.56155148e+18,20190625,5007,54.18,79.408,97.64,,,51.54,73.293,,86.821,17.331,24.618,
1.56155148e+18,20190625,5008,,87.562,92.689,59.696,83.899,48.292,69.4,102.344,85.8,17.35,21.889,
1.56155148e+18,20190625,5009,,,,,87.716,47.653,69.447,81.826,94.692,20.431,24.336,
1.56155148e+18,20190625,5010,53.83,84.572,90.897,55.642,76.858,48.673,77.475,,87.212,17.626,25.428,
1.56155148e+18,20190625,5011,48.917,93.515,105.734,,72.655,43.275,,97.051,100.748,21.899,26.188,
1.56155148e+18,20190625,5012,46.544,94.958,94.11,57.085,73.97,,,85.423,90.871,17.271,26.676,
1.56155148e+18,20190625,5013,45.799,91.279,103.186,52.098,74.397,38.995,62.024,88.206,92.668,15.141,21.278,
1.56155148e+18,20190625,5014,48.331,84.687,102.133,47.058,86.852,44.789,84.076,99.108,83.782,18.508,26.771,
1.56163668e+18,20190626,5000,55.671,67.774,95.657,54.613,87.728,41.622,63.774,95.856,95.503,18.816,28.661,
1.56163668e+18,20190626,5001,54.575,72.984,110.709,52.384,87.865,47.412,70.248,,,20.049,22.774,
1.56163668e+18,20190626,5002,46.786,91.512,91.113,49.481,96.325,38.864,96.188,91.462,79.695,17.962,25.643,
1.56163668e+18,20190626,5003,48.736,79.0,,42.001,,48.363,81.798,101.313,82.465,21.698,27.189,
1.56163668e+18,20190626,5004,49.594,76.559,95.558,51.399,78.852,44.81,70.383,86.436,89.518,17.877,26.401,
1.56163668e+18,20190626,5005,47.171,,91.242,53.148,,48.304,74.848,,,,24.131,
1.56163668e+18,20190626,5006,50.082,89.034,95.307,58.846,71.194,43.799,75.562,97.614,77.014,18.804,27.429,
1.56163668e+18,20190626,5007,52.277,,94.708,52.714,86.414,46.332,63.385,104.652,104.482,20.333,30.191,
1.56163668e+18,20190626,5008,51.693,86.124,97.028,55.877,85.131,,82.519,99.598,75.947,22.41,23.46,
1.56163668e+18,20190626,5009,44.625,88.532,94.608,50.855,90.002,49.648,88.163,85.646,76.745,20.126,,
1.56163668e+18,20190626,5010,38.307,112.233,91.146,50.379,,47.9,85.733,106.72,83.861,21.026,24.346,
1.56163668e+18,20190626,5011,39.298,82.61,99.795,55.552,83.817,44.375,,92.133,76.516,17.93,26.927,
1.56163668e+18,20190626,5012,45.387,82.162,106.195,53.817,86.377,47.389,66.992,100.812,94.479,15.89,26.32,
1.56163668e+18,20190626,5013,49.643,90.678,94.344,49.942,98.6,47.214,71.133,109.165,75.838,16.432,24.088,
1.56163668e+18,20190626,5014,42.72,84.407,95.107,49.263,79.795,36.261,81.381,85.804,85.556,19.843,27.985,
1.56172338e+18,20190627,5000,48.449,87.34,83.336,58.89,76.117,49.609,77.391,84.325,72.957,14.171,29.473,
1.56172338e+18,20190627,5001,54.673,99.208,93.359,62.029,74.164,52.506,86.406,83.032,81.875,16.645,24.526,
1.56172338e+18,20190627,5002,51.764,96.046,82.903,52.707,87.282,51.849,74.495,81.092,72.089,19.755,26.343,
1.56172338e+18,20190627,5003,55.363,86.93,92.975,51.324,,49.799,79.913,96.287,84.116,21.953,27.04,
1.56172338e+18,20190627,5004,45.983,87.479,99.643,60.926,70.446,44.859,66.556,80.175,93.692,24.595,,
1.56172338e+18,20190627,5005,40.923,93.056,85.02,55.749,85.876,52.374,76.372,109.495,,19.65,26.4,
1.56172338e+18,20190627,5006,49.206,,89.355,54.299,76.247,51.117,73.307,93.014,66.432,19.336,25.567,
1.56172338e+18,20190627,5007,39.13,87.83,92.815,47.35,83.416,43.299,79.874,108.356,68.551,18.726,27.171,
1.56172338e+18,20190627,5008,46.121,,98.281,48.733,76.604,40.208,82.433,101.02,,,25.671,
1.56172338e+18,20190627,5009,54.215,90.442,97.091,55.925,89.998,47.012,72.47,93.455,84.673,17.035,22.458,
1.56172338e+18,20190627,5010,38.515,91.848,101.825,,91.403,,,90.813,88.341,24.967,30.109,
1.56172338e+18,20190627,5011,45.865,,96.024,55.855,72.566,44.447,78.675,112.308,95.925,19.005,,
1.56172338e+18,20190627,5012,43.448,76.855,120.487,47.642,87.854,42.854,69.937,,100.53,18.992,23.533,
1.56172338e+18,20190627,5013,none,86.431,,53.595,,45.078,78.006,,78.845,19.1,27.501,
1.56172338e+18,20190627,5014,47.849,75.751,94.399,47.74,78.925,,82.78,92.193,88.94,22.178,24.558,
1.56180906e+18,20190628,5000,53.19,99.195,99.454,59.236,92.704,49.519,71.179,88.166,90.447,18.933,22.991,
1.56180906e+18,20190628,5001,,94.768,85.547,44.676,88.773,54.236,76.199,96.6,92.288,19.784,30.092,
1.56180906e+18,20190628,5002,55.88,83.79,109.211,43.287,75.164,47.42,68.83,88.923,,19.335,24.908,
1.56180906e+18,20190628,5003,50.892,66.405,89.479,58.347,92.177,44.923,,77.37,89.748,20.711,25.623,
1.56180906e+18,20190628,5004,41.905,82.385,114.554,57.694,83.401,41.829,87.351,,79.804,20.29,24.092,
1.56180906e+18,20190628,5005,46.472,76.948,104.431,47.327,80.125,37.201,71.619,99.493,85.778,18.217,27.722,
1.56180906e+18,20190628,5006,55.926,87.299,107.527,48.079,88.043,48.209,68.306,,77.82,18.962,,
1.56180906e+18,20190628,5007,51.313,88.49,108.856,48.204,74.823,46.967,88.054,107.536,76.046,22.279,28.037,
1.56180906e+18,20190628,5008,,67.371,92.2,,,41.335,81.092,91.248,81.024,19.43,23.963,
1.56180906e+18,20190628,5009,50.217,,100.069,54.81,95.354,51.957,80.735,91.03,57.041,15.36,22.138,
1.56180906e+18,20190628,5010,47.869,83.102,98.532,55.268,88.225,53.359,71.551,106.877,80.934,19.03,24.828,
1.56180906e+18,20190628,5011,46.765,88.197,91.464,,81.335,,80.868,109.254,76.266,19.93,29.539,
1.56180906e+18,20190628,5012,,92.541,106.403,59.933,78.443,49.551,78.309,99.64,83.018,19.095,29.895,
1.56180906e+18,20190628,5013,48.748,85.534,97.976,57.085,84.224,47.584,86.084,93.728,76.929,21.047,21.377,
1.56180906e+18,20190628,5014,51.982,87.499,85.908,63.044,82.941,39.906,81.541,107.899,85.664,,26.694,
1.56206928e+18,20190701,5000,,74.75,84.812,64.225,83.496,46.153,80.031,,88.168,,24.562,
1.56206928e+18,20190701,5001,57.797,86.977,90.24,55.51,74.126,44.287,87.74,87.844,82.215,20.227,25.187,
1.56206928e+18,20190701,5002,51.029,91.81,108.912,,78.478,46.777,,99.731,76.38,17.922,23.743,
1.56206928e+18,20190701,5003,52.63,89.394,81.95,53.351,79.631,48.004,,103.601,94.265,22.207,27.099,
1.56206928e+18,20190701,5004,56.806,78.799,85.091,50.169,107.836,54.287,81.544,81.019,86.571,19.055,25.048,
1.56206928e+18,20190701,5005,48.286,,100.355,49.864,70.511,,61.926,105.548,90.758,19.716,,
1.56206928e+18,20190701,5006,48.204,91.27,114.7,55.274,79.676,56.403,91.809,91.814,94.9,19.16,27.538,
1.56206928e+18,20190701,5007,53.809,100.069,103.086,49.446,84.012,45.011,77.483,102.673,87.979,23.35,23.801,
1.56206928e+18,20190701,5008,56.925,76.997,91.234,43.116,,48.462,73.329,85.197,81.592,15.948,28.852,
1.56206928e+18,20190701,5009,46.702,73.296,88.375,41.407,77.663,47.305,82.565,106.781,79.622,22.872,23.229,
1.56206928e+18,20190701,5010,40.614,83.807,98.024,58.265,80.256,45.688,66.881,100.851,,22.27,,
1.56206928e+18,20190701,5011,42.769,86.727,104.374,,88.426,52.074,73.341,89.232,90.393,21.158,28.533,
1.56206928e+18,20190701,5012,48.963,83.314,107.943,55.395,69.382,49.712,76.816,97.248,69.158,16.215,27.536,
1.56206928e+18,20190701,5013,48.335,90.703,107.87,56.36,82.267,,80.126,96.546,87.37,,22.574,
1.56215628e+18,20190702,5000,50.426,,86.03,54.563,87.897,51.579,,79.753,85.61,17.898,29.741,
1.56215628e+18,20190702,5001,,88.535,92.246,48.478,74.388,49.252,72.722,,93.226,22.161,23.914,
1.56215628e+18,20190702,5002,47.213,96.688,94.343,52.181,,37.649,86.421,93.812,92.255,,28.843,
1.56215628e+18,20190702,5003,,97.448,101.096,,93.047,46.057,77.521,76.18,,18.864,25.448,
1.56215628e+18,20190702,5004,47.984,87.422,106.819,56.643,88.004,46.992,72.676,,77.814,20.335,19.62,
1.56215628e+18,20190702,5005,,86.163,104.844,54.499,82.45,53.317,,77.016,88.834,22.077,,
1.56215628e+18,20190702,5006,47.673,99.664,89.905,53.151,73.163,52.238,68.939,85.402,88.818,,,
1.56215628e+18,20190702,5007,51.451,,99.305,53.441,72.984,49.354,,106.778,86.75,19.956,25.616,
1.56215628e+18,20190702,5008,,92.791,89.041,50.612,93.83,52.728,88.162,92.102,90.05,21.678,22.288,
1.56215628e+18,20190702,5010,56.05,71.019,109.097,55.376,85.02,44.535,81.525,95.744,80.238,24.121,23.116,
1.56215628e+18,20190702,5011,42.909,79.684,91.218,58.23,79.783,45.555,79.609,90.649,76.655,19.078,26.74,
1.56215628e+18,20190702,5013,50.128,94.454,80.222,54.589,74.126,44.378,,98.778,,15.817,24.937,
1.56215628e+18,20190702,5014,47.952,91.33,,,57.167,42.925,79.784,,73.597,17.095,23.0,
1.56224124e+18,20190703,5000,51.18,90.441,102.45,42.703,74.058,42.082,79.554,101.5,93.352,19.019,19.756,
1.56224124e+18,20190703,5001,45.092,94.061,94.403,57.86,90.304,38.683,,87.745,78.189,21.024,26.803,
1.56224124e+18,20190703,5002,46.226,74.692,101.444,54.685,80.25,49.483,68.676,98.155,85.022,19.071,23.818,
1.56224124e+18,20190703,5003,46.162,76.53,97.957,49.937,80.308,39.692,79.808,79.16,69.217,,29.233,
1.56224124e+18,20190703,5004,56.229,83.055,83.298,54.125,72.181,42.474,77.953,95.811,92.144,,29.766,
1.56224124e+18,20190703,5005,46.109,87.745,101.303,54.439,83.727,45.171,69.041,,103.359,19.906,26.871,
1.56224124e+18,20190703,5006,50.737,89.857,88.987,58.725,,41.816,,100.47,,19.79,24.897,
1.56224124e+18,20190703,5007,48.986,,87.195,55.853,92.649,51.484,75.219,84.718,,19.719,24.794,
1.56224124e+18,20190703,5008,47.231,89.035,97.417,57.88,75.735,54.618,68.389,94.903,87.051,19.639,29.856,
1.56224124e+18,20190703,5009,37.403,79.417,90.025,49.433,,42.923,77.7,102.115,65.296,16.088,28.728,
1.56224124e+18,20190703,5010,62.542,,104.94,60.065,88.388,43.151,75.003,98.686,96.202,20.289,24.678,
1.56224124e+18,20190703,5011,48.765,83.627,103.514,53.132,81.89,47.691,66.947,103.261,93.565,18.982,27.435,
1.56224124e+18,20190703,5012,44.25,87.518,96.134,49.057,67.182,54.176,77.638,91.246,84.061,19.837,27.656,
1.56224124e+18,20190703,5013,40.421,,83.618,55.425,82.24,44.057,76.991,93.167,82.897,21.24,,
1.56224124e+18,20190703,5014,43.753,64.301,95.244,56.334,99.538,,86.591,96.744,97.367,20.837,25.113,
1.5623292e+18,20190704,5000,45.137,93.224,108.711,52.21,88.012,39.526,73.467,70.576,67.219,,21.422,
1.5623292e+18,20190704,5001,48.284,87.898,92.263,52.675,86.978,,78.199,84.051,100.514,19.233,27.062,
1.5623292e+18,20190704,5002,42.874,,102.927,55.913,80.617,48.03,67.453,96.415,88.829,18.67,25.332,
1.5623292e+18,20190704,5003,48.912,94.414,111.083,57.545,80.573,53.354,82.074,,100.653,19.298,26.107,
1.5623292e+18,20190704,5004,55.882,94.944,98.964,54.259,81.561,45.338,70.281,75.072,89.152,17.095,20.518,
1.5623292e+18,20190704,5005,46.071,84.351,99.789,57.656,,43.012,78.94,92.08,68.609,18.059,24.612,
1.5623292e+18,20190704,5006,53.551,85.199,94.267,67.049,88.804,,64.313,86.62,71.042,19.128,24.523,
1.5623292e+18,20190704,5008,59.996,,88.817,,77.919,48.049,74.426,92.549,88.803,20.97,23.607,
1.5623292e+18,20190704,5011,56.251,81.272,88.869,63.862,78.157,51.731,78.751,90.197,78.032,21.219,26.134,
1.5623292e+18,20190704,5012,48.299,88.429,100.564,50.882,89.479,39.923,87.527,,98.629,,25.595,
1.5623292e+18,20190704,5013,54.577,96.286,83.113,54.227,71.719,43.718,68.577,117.394,80.201,19.862,27.307,
1.5623292e+18,20190704,5014,50.962,70.945,90.837,57.335,95.106,47.587,,88.173,85.793,,25.196,
1.56241494e+18,20190705,5000,52.599,87.723,93.203,53.417,77.112,54.881,62.711,82.046,81.441,19.607,24.133,39.557
1.56241494e+18,20190705,5001,49.488,73.369,104.969,50.191,83.147,42.734,68.702,109.038,78.403,,,49.019
1.56241494e+18,20190705,5002,50.267,92.2,116.952,57.296,76.373,48.843,,,62.97,20.762,26.345,50.38
1.56241494e+18,20190705,5003,45.703,90.771,115.163,58.455,76.224,50.119,82.903,101.574,75.03,18.154,25.342,
1.56241494e+18,20190705,5004,45.967,75.013,113.795,51.432,63.746,53.225,82.857,87.22,81.228,17.998,18.948,52.025
1.56241494e+18,20190705,5005,58.31,92.008,,,85.415,38.321,84.419,106.978,81.98,20.647,23.042,47.921
1.56241494e+18,20190705,5006,40.222,96.469,106.726,,86.931,47.26,80.98,107.767,73.856,20.016,25.479,54.228
1.56241494e+18,20190705,5007,55.51,83.519,111.47,49.159,,45.385,70.26,96.868,99.187,21.025,25.351,40.392
1.56241494e+18,20190705,5008,47.458,91.57,94.523,,91.989,51.318,73.735,95.157,,19.905,25.833,49.982
1.56241494e+18,20190705,5009,51.427,87.451,85.294,54.116,86.506,54.283,79.432,74.743,73.87,20.416,28.177,54.153
1.56241494e+18,20190705,5010,,,83.671,50.723,90.85,36.584,73.02,105.392,80.278,18.8,24.469,56.533
1.56241494e+18,20190705,5011,49.123,91.697,93.924,49.595,78.385,46.695,85.708,,72.572,23.761,27.789,56.711
1.56241494e+18,20190705,5012,44.647,87.876,,61.637,78.711,40.45,58.699,98.089,69.104,,23.97,59.988
1.56241494e+18,20190705,5013,41.933,87.708,95.031,52.775,80.696,,,101.633,81.315,17.916,25.461,44.235
1.56241494e+18,20190705,5014,53.086,87.576,,60.173,,41.846,94.934,105.128,92.218,14.893,22.269,47.647
1.56267198e+18,20190708,5000,48.979,85.158,93.737,53.46,82.107,44.752,72.322,108.569,93.583,18.5,26.328,52.784
1.56267198e+18,20190708,5001,48.859,97.461,88.456,52.871,99.79,,66.207,98.285,92.057,21.878,25.99,44.737
1.56267198e+18,20190708,5002,49.959,91.176,106.604,64.595,65.722,45.756,68.15,,76.995,16.302,25.591,47.765
1.56267198e+18,20190708,5003,54.877,,100.564,49.142,97.917,48.553,74.702,94.828,84.718,18.493,23.521,43.591
1.56267198e+18,20190708,5004,46.221,75.971,90.773,,91.529,47.792,76.72,99.263,74.097,21.463,24.955,48.319
1.56267198e+18,20190708,5005,53.216,78.53,89.637,69.251,85.088,45.231,74.436,,77.109,18.263,28.566,50.014
1.56267198e+18,20190708,5007,44.778,79.171,92.59,51.227,90.775,52.955,,98.402,85.356,,29.206,
1.56267198e+18,20190708,5008,58.609,92.38,97.651,59.307,66.599,,72.826,115.582,73.024,18.282,27.504,42.054
1.56267198e+18,20190708,5009,,86.668,93.968,53.966,,38.882,74.523,89.605,84.305,17.194,28.948,40.882
1.56267198e+18,20190708,5010,46.568,87.303,94.666,42.056,94.451,41.342,68.795,111.791,86.952,,24.931,52.918
1.56267198e+18,20190708,5011,53.731,85.478,75.043,64.106,69.205,50.626,87.001,85.045,74.017,21.505,24.689,52.446
1.56267198e+18,20190708,5012,52.061,82.842,98.763,58.924,80.268,53.099,84.242,,89.081,20.367,26.369,60.549
1.56267198e+18,20190708,5013,51.199,112.12,104.965,47.224,76.718,39.73,73.048,102.761,83.383,20.235,,61.401
1.56267198e+18,20190708,5014,51.575,82.117,93.247,48.174,86.461,45.215,75.386,82.868,83.766,19.847,21.566,48.281
1.56276006e+18,20190709,5000,49.594,94.069,,57.119,83.71,47.459,,95.683,88.062,23.12,20.085,40.462
1.56276006e+18,20190709,5001,56.978,93.833,99.384,61.393,80.715,49.755,65.773,90.267,88.628,19.857,28.651,44.23
1.56276006e+18,20190709,5002,44.64,81.289,104.364,46.684,78.823,49.841,76.618,83.475,91.063,19.811,22.331,47.803
1.56276006e+18,20190709,5004,48.37,90.048,,55.946,83.281,41.745,63.893,89.729,,21.054,23.708,54.268
1.56276006e+18,20190709,5005,50.592,82.235,87.849,61.002,90.735,45.453,,110.048,77.259,19.119,26.231,51.337
1.56276006e+18,20190709,5006,,,92.019,49.395,68.329,36.437,86.993,102.479,98.981,21.347,26.385,45.598
1.56276006e+18,20190709,5007,50.995,,97.669,56.443,,41.666,72.005,95.832,74.637,18.697,25.42,43.445
1.56276006e+18,20190709,5008,,,96.012,59.865,82.524,53.517,79.891,,94.414,18.706,28.665,34.673
1.56276006e+18,20190709,5009,47.643,94.127,95.731,53.046,74.808,,66.564,102.508,87.438,18.264,,58.67
1.56276006e+18,20190709,5010,45.454,,95.001,58.371,73.816,53.491,74.916,92.467,79.203,17.117,26.221,59.168
1.56276006e+18,20190709,5011,,85.413,95.208,55.502,83.747,54.617,,103.525,74.182,18.692,24.186,54.509
1.56276006e+18,20190709,5012,48.46,92.129,94.118,49.762,,43.146,62.293,,96.376,17.277,27.704,
1.56276006e+18,20190709,5013,51.623,87.194,112.118,53.005,,45.869,67.714,101.246,67.405,17.519,19.951,52.412
1.56276006e+18,20190709,5014,40.653,78.881,80.501,48.847,89.877,52.718,80.755,111.876,92.966,19.536,24.262,52.454
1.56284736e+18,20190710,5000,48.607,107.402,99.812,54.55,91.5,56.028,86.814,101.335,92.715,20.811,32.64,52.674
1.56284736e+18,20190710,5001,39.036,91.992,102.277,58.48,73.567,44.081,78.164,100.911,79.542,19.016,21.853,40.535
1.56284736e+18,20190710,5002,51.065,,90.708,55.902,,,77.881,115.451,86.288,21.631,24.94,45.119
1.56284736e+18,20190710,5003,47.215,,106.406,,83.176,48.812,82.831,,84.851,16.628,25.427,50.136
1.56284736e+18,20190710,5004,38.042,95.298,87.398,,71.237,51.451,75.121,105.386,85.131,18.731,22.982,55.93
1.56284736e+18,20190710,5005,49.597,75.264,101.719,49.742,79.298,,82.331,115.606,76.827,16.299,26.476,57.562
1.56284736e+18,20190710,5006,52.254,97.166,99.943,51.633,85.679,47.356,77.923,97.648,99.907,17.95,26.834,53.629
1.56284736e+18,20190710,5007,46.324,85.364,,58.829,84.188,52.541,75.328,89.602,88.673,17.648,27.07,52.18
1.56284736e+18,20190710,5008,52.662,89.898,,55.552,86.889,47.126,85.357,93.928,82.483,16.768,23.822,47.962
1.56284736e+18,20190710,5009,,80.596,84.095,53.662,78.442,48.824,,100.342,72.039,18.487,24.169,49.177
1.56284736e+18,20190710,5010,45.253,101.029,,47.599,100.536,40.724,62.481,108.949,102.216,20.229,,58.623
1.56284736e+18,20190710,5011,53.781,84.91,80.461,48.344,90.18,51.498,78.046,,87.621,20.001,23.344,51.434
1.56284736e+18,20190710,5012,46.991,100.598,,53.059,86.385,39.549,88.239,88.566,89.583,19.173,18.26,54.12
1.56284736e+18,20190710,5013,45.239,68.845,78.735,44.041,78.278,41.452,69.186,98.266,87.115,17.801,24.795,49.576
1.56284736e+18,20190710,5014,39.214,92.306,98.718,51.472,104.504,53.132,78.091,109.983,87.539,16.949,26.093,42.866
1.56301896e+18,20190712,5000,41.843,91.986,92.512,37.076,81.508,52.918,75.574,91.567,88.547,18.068,22.549,60.584
1.56301896e+18,20190712,5001,46.616,83.927,98.741,55.648,81.962,41.366,74.043,82.619,80.49,17.447,23.56,47.902
1.56301896e+18,20190712,5002,52.557,85.173,112.234,47.612,77.481,,72.121,97.042,80.265,22.565,23.421,46.667
1.56301896e+18,20190712,5003,50.357,97.033,99.147,45.686,80.857,40.855,67.071,96.258,96.941,18.393,22.513,54.291
1.56301896e+18,20190712,5004,56.583,93.464,97.18,,94.287,52.257,75.585,89.794,72.398,16.642,25.232,52.861
1.56301896e+18,20190712,5005,48.297,100.377,99.005,62.718,77.589,43.709,78.565,111.122,83.071,19.167,24.653,58.437
1.56301896e+18,20190712,5006,53.705,82.048,,62.238,,43.019,77.275,75.301,73.481,15.27,23.848,51.706
1.56301896e+18,20190712,5007,52.767,84.37,102.407,51.964,88.059,,86.053,103.913,84.475,19.717,26.578,
1.56301896e+18,20190712,5008,46.423,92.999,96.016,51.46,77.173,,80.911,90.255,93.974,18.18,29.311,54.167
1.56301896e+18,20190712,5009,49.102,92.163,132.81,55.597,76.194,,,97.372,73.604,20.614,23.505,41.72
1.56301896e+18,20190712,5010,50.64,89.635,99.203,57.168,75.117,48.256,85.304,100.31,91.983,15.549,21.627,45.331
1.56301896e+18,20190712,5011,,78.156,98.605,64.037,81.621,42.593,82.521,75.224,57.723,22.347,20.798,57.455
1.56301896e+18,20190712,5012,50.62,79.241,100.396,52.777,86.227,,73.573,98.716,91.158,19.02,25.66,54.499
1.56301896e+18,20190712,5014,41.705,96.064,99.115,50.821,98.35,45.02,73.602,94.183,99.25,21.095,25.831,50.36
1.5632793e+18,20190715,5000,60.265,89.313,95.125,56.327,,43.526,75.658,106.859,81.496,21.747,26.287,52.432
1.5632793e+18,20190715,5001,53.794,81.949,101.79,55.231,89.345,50.247,68.281,82.476,,19.393,25.471,50.077
1.5632793e+18,20190715,5002,48.052,82.398,100.248,43.936,89.135,30.807,75.298,102.979,,21.14,28.555,
1.5632793e+18,20190715,5003,63.757,79.563,99.311,54.171,72.117,54.16,,95.109,91.738,20.752,24.579,61.308
1.5632793e+18,20190715,5004,44.102,87.036,96.132,54.977,87.943,38.468,78.32,82.919,75.234,20.028,,54.97
1.5632793e+18,20190715,5005,42.92,82.803,108.408,48.325,87.554,47.844,67.725,,68.534,16.977,,51.181
1.5632793e+18,20190715,5006,42.889,92.245,92.07,53.532,96.496,46.69,77.947,115.386,88.488,13.599,24.696,52.159
1.5632793e+18,20190715,5007,52.363,72.859,88.715,49.182,71.626,51.945,89.047,101.96,100.422,19.342,31.047,43.004
1.5632793e+18,20190715,5008,49.891,96.972,115.028,52.029,80.322,52.588,79.041,91.532,65.765,,22.919,45.386
1.5632793e+18,20190715,5009,53.175,87.491,99.591,60.95,68.158,43.567,86.936,,81.392,20.294,27.19,50.005
1.5632793e+18,20190715,5010,45.023,89.688,99.343,,89.743,51.447,83.078,85.431,91.381,19.363,26.277,58.215
1.5632793e+18,20190715,5011,48.944,73.812,,58.411,77.927,48.768,83.104,88.81,71.126,20.838,22.697,45.826
1.5632793e+18,20190715,5012,46.926,92.618,91.966,51.862,93.767,50.531,83.177,114.126,77.421,16.838,28.329,46.974
1.5632793e+18,20190715,5013,,88.69,82.756,53.462,73.502,48.907,70.345,95.128,104.248,21.637,,57.878
1.5632793e+18,20190715,5014,47.185,78.304,93.393,44.312,77.962,49.336,96.506,93.445,78.508,19.059,17.749,47.318
